team,season,xG,xGA,xPTS,PPDA,DC,실제득점,실제실점,실제승점,승,무,패,득실차,승점차(실제-xPTS),순위,팀,시즌,cluster,군집
Manchester City,21-22,93.4,25.21,91.88,9.28,508,99,26,93,29,6,3,73,1.1200000000000045,1,Manchester City,21-22,1,상위권
Liverpool,21-22,93.02,32.73,86.56,8.42,461,94,26,92,28,8,2,68,5.439999999999998,2,Liverpool,21-22,1,상위권
Chelsea,21-22,69.3,35.12,73.38,9.39,385,76,33,74,21,11,6,43,0.6200000000000045,3,Chelsea,21-22,1,상위권
Tottenham,21-22,67.95,43.7,66.09,14.35,285,69,40,71,22,5,11,29,4.909999999999997,4,Tottenham,21-22,0,중위권
Arsenal,21-22,63.39,48.39,64.76,14.48,314,61,48,69,22,3,13,13,4.239999999999995,5,Arsenal,21-22,0,중위권
Manchester United,21-22,57.21,56.85,54.52,14.53,293,57,57,58,16,10,12,0,3.479999999999997,6,Manchester United,21-22,0,중위권
West Ham,21-22,54.98,53.88,53.56,16.02,239,60,51,56,16,8,14,9,2.4399999999999977,7,West Ham,21-22,0,중위권
Leicester,21-22,49.49,66.11,42.31,14.75,252,62,59,52,14,10,14,3,9.689999999999998,8,Leicester,21-22,2,하위권
Brighton,21-22,49.57,47.21,54.18,9.83,305,42,44,51,12,15,11,-2,-3.1799999999999997,9,Brighton,21-22,0,중위권
Wolverhampton Wanderers,21-22,39.04,58.48,40.54,17.58,181,38,43,51,15,6,17,-5,10.46,10,Wolverhampton Wanderers,21-22,2,하위권
Newcastle United,21-22,41.53,62.71,41.53,16.03,170,44,62,49,13,10,15,-18,7.469999999999999,11,Newcastle United,21-22,2,하위권
Crystal Palace,21-22,48.84,41.33,58.15,13.98,213,50,46,48,11,15,12,4,-10.149999999999999,12,Crystal Palace,21-22,0,중위권
Brentford,21-22,52.89,49.5,56.0,13.08,232,48,56,46,13,7,18,-8,-10.0,13,Brentford,21-22,0,중위권
Aston Villa,21-22,43.13,53.1,46.2,14.2,258,52,54,45,13,6,19,-2,-1.2000000000000028,14,Aston Villa,21-22,0,중위권
Southampton,21-22,47.35,64.56,43.45,11.33,209,43,67,40,9,13,16,-24,-3.450000000000003,15,Southampton,21-22,0,중위권
Everton,21-22,44.47,60.69,43.54,16.49,190,43,66,39,11,6,21,-23,-4.539999999999999,16,Everton,21-22,2,하위권
Leeds,21-22,51.19,71.31,43.86,10.31,239,42,79,38,9,11,18,-37,-5.859999999999999,17,Leeds,21-22,0,중위권
Burnley,21-22,41.11,60.22,38.1,13.53,184,34,53,35,7,14,17,-19,-3.1000000000000014,18,Burnley,21-22,2,하위권
Watford,21-22,39.34,67.53,35.45,16.55,159,34,77,23,6,5,27,-43,-12.450000000000003,19,Watford,21-22,2,하위권
Norwich,21-22,31.51,80.08,25.04,17.37,188,23,84,22,5,7,26,-61,-3.039999999999999,20,Norwich,21-22,2,하위권
Manchester City,22-23,84.32,34.21,83.04,11.11,450,94,33,89,28,5,5,61,5.959999999999994,1,Manchester City,22-23,1,상위권
Arsenal,22-23,76.51,45.16,72.53,9.54,452,88,43,84,26,6,6,45,11.469999999999999,2,Arsenal,22-23,1,상위권
Manchester United,22-23,71.9,50.29,66.4,12.02,391,58,43,75,23,6,9,15,8.599999999999994,3,Manchester United,22-23,1,상위권
Newcastle United,22-23,76.98,41.86,71.67,10.27,376,68,33,71,19,14,5,35,-0.6700000000000017,4,Newcastle United,22-23,1,상위권
Liverpool,22-23,80.77,55.77,67.37,9.68,419,75,47,67,19,10,9,28,-0.37000000000000455,5,Liverpool,22-23,1,상위권
Brighton,22-23,77.72,50.15,70.86,9.66,362,72,53,62,18,8,12,19,-8.86,6,Brighton,22-23,1,상위권
Aston Villa,22-23,50.0,53.96,54.37,13.4,258,51,46,61,18,7,13,5,6.630000000000003,7,Aston Villa,22-23,0,중위권
Tottenham,22-23,57.83,51.66,57.6,13.57,239,70,63,60,18,6,14,7,2.3999999999999986,8,Tottenham,22-23,0,중위권
Brentford,22-23,59.23,51.45,58.26,12.38,231,58,46,59,15,14,9,12,0.740000000000002,9,Brentford,22-23,0,중위권
Fulham,22-23,47.98,71.49,39.24,13.96,203,55,53,52,15,7,16,2,12.759999999999998,10,Fulham,22-23,2,하위권
Crystal Palace,22-23,40.72,51.63,44.24,15.04,197,40,49,45,11,12,15,-9,0.759999999999998,11,Crystal Palace,22-23,0,중위권
Chelsea,22-23,51.89,54.02,52.28,9.75,322,38,47,44,11,11,16,-9,-8.280000000000001,12,Chelsea,22-23,0,중위권
Wolverhampton Wanderers,22-23,35.13,62.68,35.01,13.73,192,31,58,41,11,8,19,-27,5.990000000000002,13,Wolverhampton Wanderers,22-23,2,하위권
West Ham,22-23,51.21,55.31,51.62,17.28,173,42,55,40,11,7,20,-13,-11.619999999999997,14,West Ham,22-23,0,중위권
Bournemouth,22-23,40.08,67.6,34.73,17.81,200,37,71,39,11,6,21,-34,4.270000000000003,15,Bournemouth,22-23,2,하위권
Nottingham Forest,22-23,39.57,68.46,35.05,18.33,157,38,68,38,9,11,18,-30,2.950000000000003,16,Nottingham Forest,22-23,2,하위권
Everton,22-23,48.65,68.58,40.71,15.12,197,34,57,36,8,12,18,-23,-4.710000000000001,17,Everton,22-23,2,하위권
Leicester,22-23,48.99,59.79,45.07,14.41,205,51,68,34,9,7,22,-17,-11.07,18,Leicester,22-23,0,중위권
Leeds,22-23,47.8,69.58,40.58,10.93,230,48,78,31,7,10,21,-30,-9.579999999999998,19,Leeds,22-23,0,중위권
Southampton,22-23,39.27,62.9,36.47,13.95,199,36,73,25,6,7,25,-37,-11.469999999999999,20,Southampton,22-23,2,하위권
Manchester City,23-24,89.55,37.27,83.07,11.9,516,96,34,91,28,7,3,62,7.930000000000007,1,Manchester City,23-24,1,상위권
Arsenal,23-24,84.39,31.78,81.94,9.76,531,91,29,89,28,5,5,62,7.060000000000002,2,Arsenal,23-24,1,상위권
Liverpool,23-24,94.79,47.4,76.88,8.03,510,86,41,82,24,10,4,45,5.1200000000000045,3,Liverpool,23-24,1,상위권
Aston Villa,23-24,67.42,65.08,55.43,15.72,344,76,61,68,20,8,10,15,12.57,4,Aston Villa,23-24,0,중위권
Tottenham,23-24,73.35,68.07,57.42,7.83,493,74,61,66,20,6,12,13,8.579999999999998,5,Tottenham,23-24,1,상위권
Chelsea,23-24,80.88,62.6,64.2,10.54,382,77,63,63,18,9,11,14,-1.2000000000000028,6,Chelsea,23-24,1,상위권
Newcastle United,23-24,84.48,62.46,65.59,10.99,348,85,62,60,18,6,14,23,-5.590000000000003,7,Newcastle United,23-24,1,상위권
Manchester United,23-24,60.33,74.76,44.42,12.89,319,57,58,60,18,6,14,-1,15.579999999999998,8,Manchester United,23-24,0,중위권
West Ham,23-24,54.53,77.91,41.28,18.65,159,60,74,52,14,10,14,-14,10.719999999999999,9,West Ham,23-24,2,하위권
Crystal Palace,23-24,53.94,57.99,50.46,15.05,244,57,58,49,13,10,15,-1,-1.4600000000000009,10,Crystal Palace,23-24,0,중위권
Brighton,23-24,61.91,60.94,54.43,10.66,361,55,62,48,12,12,14,-7,-6.43,11,Brighton,23-24,0,중위권
Everton,23-24,60.75,60.26,53.1,15.05,237,40,51,48,13,9,16,-11,-5.100000000000001,12,Everton,23-24,0,중위권
Bournemouth,23-24,63.76,65.51,53.47,10.37,303,54,67,48,13,9,16,-13,-5.469999999999999,13,Bournemouth,23-24,0,중위권
Fulham,23-24,52.81,66.9,44.98,15.64,288,55,61,47,13,8,17,-6,2.020000000000003,14,Fulham,23-24,0,중위권
Wolverhampton Wanderers,23-24,50.65,76.11,39.79,13.55,216,50,65,46,13,7,18,-15,6.210000000000001,15,Wolverhampton Wanderers,23-24,2,하위권
Brentford,23-24,64.29,60.26,52.94,10.99,286,56,65,39,10,9,19,-9,-13.939999999999998,16,Brentford,23-24,0,중위권
Nottingham Forest,23-24,52.16,56.25,50.17,21.25,213,49,67,36,9,9,20,-18,-14.170000000000002,17,Nottingham Forest,23-24,2,하위권
Luton,23-24,49.87,91.65,32.33,14.68,178,52,85,26,6,8,24,-33,-6.329999999999998,18,Luton,23-24,2,하위권
Burnley,23-24,43.44,75.72,33.69,14.28,211,41,78,24,5,9,24,-37,-9.689999999999998,19,Burnley,23-24,2,하위권
Sheffield United,23-24,41.31,85.71,28.53,24.95,169,35,104,16,3,7,28,-69,-12.530000000000001,20,Sheffield United,23-24,2,하위권
Liverpool,24-25,93.24,42.32,81.84,9.47,442,86,41,84,25,9,4,45,2.1599999999999966,1,Liverpool,24-25,1,상위권
Arsenal,24-25,73.57,39.98,72.96,9.43,366,69,34,74,20,14,4,35,1.0400000000000063,2,Arsenal,24-25,1,상위권
Manchester City,24-25,73.15,52.9,64.66,12.85,431,72,44,71,21,8,9,28,6.340000000000003,3,Manchester City,24-25,1,상위권
Chelsea,24-25,73.12,54.26,62.56,11.4,337,64,43,69,20,9,9,21,6.439999999999998,4,Chelsea,24-25,1,상위권
Newcastle United,24-25,71.48,53.98,62.61,10.78,349,68,47,66,20,6,12,21,3.3900000000000006,5,Newcastle United,24-25,1,상위권
Aston Villa,24-25,66.39,55.0,61.53,13.55,285,58,51,66,19,9,10,7,4.469999999999999,6,Aston Villa,24-25,0,중위권
Nottingham Forest,24-25,52.75,55.92,50.01,15.3,220,58,46,65,19,8,11,12,14.990000000000002,7,Nottingham Forest,24-25,0,중위권
Brighton,24-25,65.28,59.12,57.26,10.57,322,66,59,61,16,13,9,7,3.740000000000002,8,Brighton,24-25,0,중위권
Bournemouth,24-25,72.62,53.99,65.03,8.91,283,58,46,56,15,11,12,12,-9.030000000000001,9,Bournemouth,24-25,1,상위권
Brentford,24-25,67.12,60.86,54.94,11.89,278,66,57,56,16,8,14,9,1.0600000000000023,10,Brentford,24-25,0,중위권
Fulham,24-25,58.0,49.23,57.6,13.93,232,54,54,54,15,9,14,0,-3.6000000000000014,11,Fulham,24-25,0,중위권
Crystal Palace,24-25,67.78,58.88,58.16,15.3,243,51,51,53,13,14,11,0,-5.159999999999997,12,Crystal Palace,24-25,0,중위권
Everton,24-25,46.87,53.66,47.65,15.1,186,42,44,48,11,15,12,-2,0.3500000000000014,13,Everton,24-25,0,중위권
West Ham,24-25,50.59,68.09,41.76,13.91,224,46,62,43,11,10,17,-16,1.240000000000002,14,West Ham,24-25,2,하위권
Manchester United,24-25,56.91,60.73,52.24,10.61,309,44,54,42,11,9,18,-10,-10.240000000000002,15,Manchester United,24-25,0,중위권
Wolverhampton Wanderers,24-25,45.37,61.57,41.45,12.19,215,54,69,42,12,6,20,-15,0.5499999999999972,16,Wolverhampton Wanderers,24-25,0,중위권
Tottenham,24-25,65.36,68.23,50.07,10.88,316,64,65,38,11,5,22,-1,-12.07,17,Tottenham,24-25,0,중위권
Leicester,24-25,38.06,85.89,26.43,15.96,159,33,80,25,6,7,25,-47,-1.4299999999999997,18,Leicester,24-25,2,하위권
Ipswich,24-25,40.42,83.73,28.45,15.57,132,36,82,22,4,10,24,-46,-6.449999999999999,19,Ipswich,24-25,2,하위권
Southampton,24-25,38.63,98.35,22.69,13.49,179,26,86,12,2,6,30,-60,-10.690000000000001,20,Southampton,24-25,2,하위권
Arsenal,25-26,77.49,33.13,79.87,10.33,349,71,27,85,26,7,5,44,5.1299999999999955,1,Arsenal,25-26,1,상위권
Manchester City,25-26,79.36,46.49,73.95,11.55,409,77,35,78,23,9,6,42,4.049999999999997,2,Manchester City,25-26,1,상위권
Manchester United,25-26,72.19,50.28,64.45,11.43,285,69,50,71,20,11,7,19,6.549999999999997,3,Manchester United,25-26,0,중위권
Aston Villa,25-26,56.2,56.68,51.07,13.05,293,56,49,65,19,8,11,7,13.93,4,Aston Villa,25-26,0,중위권
Liverpool,25-26,67.26,53.87,61.54,10.54,373,63,53,60,17,9,12,10,-1.5399999999999991,5,Liverpool,25-26,1,상위권
Bournemouth,25-26,66.83,56.77,60.33,10.68,275,58,54,57,13,18,7,4,-3.3299999999999983,6,Bournemouth,25-26,0,중위권
Sunderland,25-26,43.14,60.34,42.03,13.66,212,42,48,54,14,12,12,-6,11.969999999999999,7,Sunderland,25-26,0,중위권
Brighton,25-26,58.42,53.75,55.35,9.07,270,52,46,53,14,11,13,6,-2.3500000000000014,8,Brighton,25-26,0,중위권
Brentford,25-26,66.26,59.11,57.24,11.64,240,55,52,53,14,11,13,3,-4.240000000000002,9,Brentford,25-26,0,중위권
Chelsea,25-26,72.21,58.12,58.85,10.62,273,58,52,52,14,10,14,6,-6.850000000000001,10,Chelsea,25-26,0,중위권
Fulham,25-26,49.58,60.84,45.08,13.32,295,47,51,52,15,7,16,-4,6.920000000000002,11,Fulham,25-26,0,중위권
Newcastle United,25-26,60.61,57.31,54.83,10.7,274,53,55,49,14,7,17,-2,-5.829999999999998,12,Newcastle United,25-26,0,중위권
Everton,25-26,49.87,59.99,46.17,14.57,211,47,50,49,13,10,15,-3,2.8299999999999983,13,Everton,25-26,0,중위권
Leeds,25-26,59.77,56.33,56.5,13.01,200,49,56,47,11,14,13,-7,-9.5,14,Leeds,25-26,0,중위권
Crystal Palace,25-26,62.46,60.05,53.88,14.98,265,41,51,45,11,12,15,-10,-8.880000000000003,15,Crystal Palace,25-26,0,중위권
Nottingham Forest,25-26,48.94,64.74,42.24,14.89,210,48,51,44,11,11,16,-3,1.759999999999998,16,Nottingham Forest,25-26,2,하위권
Tottenham,25-26,46.8,55.59,49.25,10.98,206,48,57,41,10,11,17,-9,-8.25,17,Tottenham,25-26,0,중위권
West Ham,25-26,49.64,68.12,43.49,14.94,186,46,65,39,10,9,19,-19,-4.490000000000002,18,West Ham,25-26,2,하위권
Burnley,25-26,36.94,82.58,24.31,13.96,163,38,75,22,4,10,24,-37,-2.3099999999999987,19,Burnley,25-26,2,하위권
Wolverhampton Wanderers,25-26,38.44,68.3,35.44,14.1,172,27,68,20,3,11,24,-41,-15.439999999999998,20,Wolverhampton Wanderers,25-26,2,하위권
